500.png,1
501.png,1
502.png,1
504.png,1
505.png,1
506.png,1
507.png,1
508.png,0
509.png,0
510.png,0
511.png,0
512.png,0
515.png,0
516.png,0
518.png,0
519.png,0
523.png,0
524.png,0
527.png,0
530.png,0
534.png,0
536.png,1
537.png,1
539.png,1
543.png,0
544.png,0
549.png,0
551.png,0
555.png,1
558.png,0
559.png,0
560.png,0
567.png,0
572.png,0
573.png,0
574.png,0
577.png,0
578.png,0
579.png,0
584.png,0
585.png,0
587.png,0
589.png,1
590.png,1
592.png,1
593.png,0
594.png,0
596.png,0
597.png,0
603.png,0
604.png,0
605.png,0
606.png,0
607.png,0
608.png,0
610.png,0
612.png,1
613.png,0
617.png,0
621.png,0
623.png,0
624.png,0
627.png,0
630.png,1
631.png,1
632.png,1
633.png,0
635.png,1
638.png,0
640.png,0
641.png,1
642.png,0
643.png,0
644.png,1
648.png,0
650.png,0
651.png,1
652.png,1
655.png,1
656.png,1
661.png,1
662.png,0
663.png,0
666.png,1
668.png,1
669.png,1
670.png,1
671.png,1
672.png,1
700.png,0
701.png,0
703.png,1
704.png,1
705.png,0
706.png,0
707.png,1
709.png,1
710.png,1
711.png,1
712.png,0
713.png,0
718.png,1
722.png,0
724.png,1
727.png,0
729.png,0
730.png,0
731.png,1
732.png,1
733.png,1
734.png,0
735.png,0
736.png,1
737.png,1
738.png,1
739.png,1
740.png,1
741.png,1
742.png,0
743.png,0
745.png,0
746.png,0
747.png,0
748.png,0
749.png,0
750.png,0
751.png,0
752.png,0
753.png,0
759.png,0
761.png,1
762.png,1
763.png,1
764.png,1
768.png,1
769.png,1
770.png,1
771.png,1
772.png,1
774.png,0
775.png,0
776.png,0
777.png,0
778.png,0
780.png,1
781.png,1
784.png,1
787.png,1
788.png,0
790.png,0
791.png,0
792.png,0
793.png,1
796.png,1
797.png,1
799.png,0
800.png,0
801.png,0
802.png,0
803.png,1
805.png,1
806.png,1
807.png,1
808.png,1
809.png,1
810.png,1
811.png,0
812.png,0
817.png,0
818.png,0
819.png,0
820.png,0
821.png,0
823.png,1
824.png,1
825.png,1
826.png,1
828.png,0
829.png,0
830.png,0
831.png,0
832.png,0
833.png,0
834.png,1
835.png,1
836.png,1
837.png,1
839.png,0
840.png,0
841.png,0
843.png,0
844.png,0
845.png,0
846.png,0
847.png,0
848.png,0
850.png,1
853.png,1
854.png,0
855.png,0
856.png,0
857.png,0
859.png,1
862.png,0
863.png,1
864.png,0
866.png,0
867.png,1
868.png,1
869.png,1
870.png,1
871.png,1
872.png,1
873.png,0
874.png,0
875.png,0
877.png,1
878.png,0
879.png,0
880.png,1
881.png,1
882.png,0
883.png,1
884.png,1
885.png,0
886.png,0
887.png,0
888.png,0
890.png,1
891.png,1
892.png,1
893.png,1
894.png,1
895.png,1
899.png,0
900.png,0
901.png,1
903.png,1
906.png,0
907.png,0
908.png,0
909.png,1
910.png,1
911.png,1
912.png,0
913.png,0
914.png,0
916.png,0
918.png,0
919.png,0
920.png,0
922.png,0
923.png,0
924.png,0
925.png,0
926.png,0
927.png,0
928.png,1
929.png,1
930.png,1
931.png,0
932.png,0
933.png,1
934.png,1
935.png,1
937.png,0
940.png,1
941.png,1
942.png,1
943.png,0
944.png,0
945.png,0
946.png,0
947.png,0
948.png,1
949.png,0
950.png,1
951.png,1
952.png,0
953.png,0
954.png,0
957.png,1
958.png,1
959.png,1
962.png,1
963.png,1
964.png,1
965.png,1
966.png,1
967.png,1
968.png,1
971.png,1
972.png,1
973.png,1
974.png,1
975.png,1
976.png,1
977.png,0
979.png,0
980.png,0
982.png,1
983.png,1
984.png,1
985.png,1
986.png,1
987.png,1
990.png,0
991.png,0
993.png,1
994.png,1
995.png,0
996.png,0
997.png,0
998.png,0
1000.png,0
2500.png,0
2501.png,0
2502.png,1
2503.png,1
2504.png,0
2505.png,0
2506.png,1
2507.png,1
2508.png,1
2509.png,1
2510.png,1
2511.png,1
2512.png,0
2513.png,0
2514.png,0
2515.png,0
2516.png,0
2517.png,0
2518.png,0
2519.png,0
2520.png,0
2521.png,1
2522.png,1
2523.png,1
2525.png,1
2526.png,1
2527.png,0
2528.png,1
2529.png,1
2530.png,0
2532.png,1
2533.png,1
2534.png,1
2535.png,1
2536.png,1
2537.png,0
2538.png,0
2541.png,0
2542.png,0
2544.png,0
2547.png,1
2548.png,1
2549.png,0
2550.png,0
2551.png,0
2552.png,0
2553.png,1
2554.png,0
2555.png,0
2556.png,0
2557.png,0
2558.png,0
2559.png,1
2560.png,1
2561.png,0
2562.png,0
2563.png,0
2564.png,0
2565.png,0
2566.png,0
2568.png,0
2569.png,0
2571.png,1
2572.png,1
2573.png,1
2574.png,1
2575.png,1
2579.png,0
2580.png,0
2581.png,0
2582.png,0
2583.png,0
2584.png,0
2586.png,1
2587.png,1
2590.png,1
2591.png,1
2592.png,1
2593.png,1
2594.png,1
2595.png,1
2597.png,1
2598.png,0
2599.png,0
2601.png,1
2602.png,1
2603.png,1
2604.png,1
2605.png,1
2606.png,1
2607.png,1
2609.png,1
2610.png,1
2611.png,0
2612.png,0
2613.png,0
2614.png,0
2616.png,1
2617.png,1
2620.png,1
2621.png,1
2622.png,1
2623.png,1
2625.png,0
2626.png,1
2627.png,0
2637.png,1
2638.png,0
2639.png,0
2640.png,0
2641.png,1
2642.png,1
2643.png,0
2644.png,0
2645.png,0
2646.png,0
2647.png,0
2648.png,0
2650.png,0
2651.png,0
2652.png,0
2653.png,0
2654.png,0
2655.png,1
2656.png,1
2657.png,1
2662.png,0
2663.png,0
2664.png,0
2665.png,0
2666.png,0
2667.png,0
2668.png,0
2669.png,0
2670.png,0
2671.png,0
2672.png,0
2673.png,0
2674.png,0
2675.png,0
2676.png,0
2677.png,0
2678.png,0
2680.png,0
2681.png,0
2682.png,0
2683.png,1
2685.png,1
2686.png,1
2688.png,1
2689.png,1
2690.png,1
2691.png,0
2692.png,0
2693.png,0
2694.png,0
2695.png,0
2697.png,0
2701.png,0
2702.png,0
2703.png,0
2705.png,1
2706.png,1
2707.png,0
2708.png,1
2709.png,0
2710.png,0
2711.png,0
2712.png,0
2713.png,0
2714.png,1
2715.png,1
2716.png,1
2717.png,1
2718.png,1
2719.png,1
2720.png,1
2721.png,1
2727.png,1
2728.png,1
2729.png,1
2730.png,1
2731.png,1
2732.png,0
2733.png,0
2734.png,0
2735.png,0
2736.png,0
2738.png,0
2742.png,0
2743.png,0
2744.png,0
2745.png,0
2746.png,1
2747.png,1
2748.png,0
2749.png,0
2750.png,0
2751.png,0
2752.png,0
2753.png,0
2754.png,1
2755.png,1
2756.png,0
2757.png,0
2758.png,0
2759.png,0
2760.png,1
2761.png,1
2762.png,0
2763.png,0
2764.png,0
2765.png,1
2766.png,1
2767.png,1
2768.png,1
2769.png,0
2770.png,0
2771.png,0
2772.png,0
2773.png,0
2774.png,0
2775.png,0
2776.png,1
2777.png,1
2778.png,1
2779.png,0
2780.png,0
2781.png,0
2782.png,0
2783.png,1
2784.png,1
2785.png,1
2786.png,1
2787.png,1
2788.png,1
2789.png,0
2790.png,0
2791.png,1
2792.png,0
2794.png,0
2795.png,0
2796.png,0
2798.png,1
2799.png,1
2800.png,1
2801.png,1
2802.png,1
2803.png,1
2805.png,0
2806.png,1
2808.png,1
2809.png,1
2810.png,1
2811.png,1
2812.png,1
2813.png,1
2815.png,0
2820.png,1
2821.png,1
2822.png,1
2823.png,1
2824.png,1
2825.png,1
2826.png,1
2828.png,1
2829.png,0
2830.png,0
2831.png,1
2832.png,1
2833.png,1
2834.png,1
2835.png,1
2836.png,0
2837.png,0
2838.png,0
2839.png,0
2840.png,1
2841.png,1
2843.png,0
2845.png,0
2846.png,0
2849.png,0
2852.png,1
2853.png,1
2854.png,0
2855.png,0
2856.png,0
2857.png,1
2859.png,1
2860.png,1
2861.png,1
2862.png,0
2863.png,0
2864.png,0
2865.png,1
2866.png,0
2867.png,0
2868.png,0
2869.png,0
2870.png,1
2871.png,0
2872.png,0
2875.png,1
2876.png,1
2877.png,1
2880.png,1
2881.png,0
2882.png,0
2885.png,1
2886.png,1
2888.png,1
2889.png,0
2890.png,0
2892.png,0
2893.png,0
2895.png,1
2896.png,1
2897.png,1
2898.png,1
2899.png,1
2900.png,1
2901.png,1
2902.png,1
2903.png,1
2904.png,1
2905.png,1
2906.png,1
2907.png,0
2908.png,0
2910.png,1
2912.png,0
2914.png,0
2915.png,0
2916.png,0
2917.png,0
2918.png,0
2919.png,0
2920.png,1
2921.png,1
2922.png,0
2923.png,1
2925.png,1
2927.png,1
2929.png,0
2930.png,0
2931.png,0
2932.png,0
2933.png,0
2934.png,1
2935.png,1
2936.png,1
2937.png,0
2938.png,0
2940.png,0
2941.png,0
2942.png,0
2943.png,1
2944.png,1
2945.png,1
2946.png,1
2947.png,1
2948.png,0
